dest_name,poi_name,poi_img_url,poi_short_description,poi_medium_description,num_user_saves
Key West,Southernmost Point of the Continental US,https://t3.gstatic.com/images?q=tbn:ANd9GcTIBfaQpZi1ZhmIQZ3o27xGPoXXpwu9BrpzLeSr24B7dgDQK91d,Southernmost spot in continental U.S.,Simple monument located at the southernmost tip of the continental U.S. & 90 miles north of Cuba.,46740
Key West,The Ernest Hemingway Home and Museum,https://t1.gstatic.com/images?q=tbn:ANd9GcTRo-VoWRRoSz4Oe-Q9hx_3XTXgQc0icblE-1MmjFFZ73aVusF5,Former residence of famous author,"Visitors come to see Hemingway's studio, garden & 6-toed felines that may be descendants of his cat.",35614
Key West,Mallory Square,https://t0.gstatic.com/images?q=tbn:ANd9GcTgJjmKWS8FalewDM77IaDtU8V32PtfgNfVwQWbkQ5rfCTCO5ur,Bustling plaza with famous sunsets,"Waterfront square with restaurants & shops, known for its nightly gatherings to watch the sunset.",31504
Washington,The White House,https://t2.gstatic.com/images?q=tbn:ANd9GcTwrk2oNa9-k_Vkh5Naha7UasDGSGd95Ju48dcKXn9PWEgjWqdO,Iconic home of America's president,"Landmark, historic home & office of the United States president, with tours for visitors.",228499
Washington,Lincoln Memorial,https://t0.gstatic.com/images?q=tbn:ANd9GcQPcfvtAxZCKiOHkC-8jU-PUOnnhcgBpy48amV6zKahG6oDQ52i,Marble monument to the 16th president,"Parthenon-inspired tribute to Abraham Lincoln with a 19-ft. marble statue, murals & reflecting pool.",164815
Washington,Washington Monument,https://t2.gstatic.com/images?q=tbn:ANd9GcQw0q_hFT4qybRfpz6T-BCsroBD3yzzqoW5MyMWdpy5ykKdF6-J,Towering tribute to George Washington,Landmark obelisk rising from the National Mall that honors America's first president.,140929
Arlington,The Pentagon,https://t3.gstatic.com/images?q=tbn:ANd9GcSvIc22pvPW0WmVWHZ-OVnzeQmJG42OhmeRvCJcSSORXEP-uG0h,Vast home of the U.S. Defense Department,"Immense, five-sided headquarters of the United States Defense Department, featuring guided tours.",61192
Arlington,Arlington National Cemetery,https://t0.gstatic.com/images?q=tbn:ANd9GcQjjnI5zucTLe7u6dULUJXCTvHYgXfWKZeXa9800ews0TonHTlU,Military cemetery with notable monuments,"Vast military cemetery featuring JFK’s eternal flame, Memorial Amphitheater & Tomb of the Unknowns.",53397
Arlington,US Marine Corps War Memorial,https://www.nps.gov/gwmp/learn/management/images/Compare2.jpg?maxwidth=650&autorotate=false,Statue honoring World War II marines,"Statue honoring U.S. marines in World War II, depicting the iconic scene from Iwo Jima from 1945.",16446
Anaheim,Knott's Berry Farm,https://lh3.ggpht.com/p/AF1QipOnhNU7rqH2kL1vox-_8UcHnMe9mEhao5K457e1=s512,Old-school theme park with rides & charm,"Classic theme park boasts fast rides, old-fashioned charm & famous fried chicken.",49986
Anaheim,Angel Stadium of Anaheim,https://t0.gstatic.com/images?q=tbn:ANd9GcTZZm_cp5hyeAoFXu3GYoVBRAhWWR8BrkeO1_3i79ycMXGIEdCf,Baseball park & home of the Angels,"Major League Baseball stadium for the Angels seats 45,000+ fans & features several restaurants.",24898
Anaheim,Downtown Disney District,https://upload.wikimedia.org/wikipedia/commons/thumb/b/b8/Downtown_Disney_2014_Fountain_Build_a_Bear.JPG/1200px-Downtown_Disney_2014_Fountain_Build_a_Bear.JPG,Disneyland destination for shops & food,"Whimsical, centrally located promenade at Disneyland with shops, restaurants & a movie theater.",19894
Toronto,CN Tower,https://t2.gstatic.com/images?q=tbn:ANd9GcQxMJjrg5vUOKYPnNJUJOpMBhDV9S-XlJZYn2r1WtO3NAXFLdDR,Iconic tower with a revolving restaurant,"Landmark, over 553-metre tower featuring a glass floor & a revolving eatery with panoramic views.",84857
Toronto,St. Lawrence Market,https://t3.gstatic.com/images?q=tbn:ANd9GcSNzfS0Yisnz-lksUXqnJyMsg_Oqz0b1LqBRxC_0LQ1hfXII1C6,Vast array of artisans & food merchants,"Spacious market with 100+ vendors, bakers, butchers & artisans, with produce & antiques on weekends.",81463
Toronto,CF Toronto Eaton Centre,https://t0.gstatic.com/images?q=tbn:ANd9GcTIrzwsWVqHi46U1Dl17hEsBLfdwYwqH36mSL7g4X2BifmeOY8m,Long-standing multilevel urban mall,"Huge array of shops, clothiers & restaurants in a soaring, historic mall with a glass ceiling.",68974
Bangkok,The Grand Palace,https://t0.gstatic.com/images?q=tbn:ANd9GcRdumCdOngTlEZ7yYS-JV-deILjXZtM36XyPwqAtg2_ysqzxWal,Opulent former royal residence & museum,"Built in 1782, this ornate royal palace complex now houses a museum & is open to visitors.",292739
Bangkok,Wat Phra Chetuphon Vimolmangklararm Rajwaramahaviharn,https://t3.gstatic.com/images?q=tbn:ANd9GcSQWWyzi5EJdsfRU1dW-WpdVR_mIvXR1z3Wa1Yz1K3HPU4e64x8,Peaceful temple with giant Buddha & art,"Large landmark temple offering serene grounds with a giant reclining Buddha, historic art & statues.",282613
Bangkok,Wat Arun Ratchawaram Ratchaworamawihan,http://t1.gstatic.com/images?q=tbn:ANd9GcT0BMbPDZjUQ_rynxCJiFj2ulWyKmMBjLr9zO0NZfIahUN0Sno5,Riverside temple with a landmark spire,"Monumental Buddhist temple right on the river, with an iconic, ornately tiled central prang (spire).",208054
San Francisco,Golden Gate Bridge,https://t0.gstatic.com/images?q=tbn:ANd9GcQ6JNAGq26flX5zG4sgRUd1-WcD3YnucpWxyPu1gGqfHaCb7-Py,Iconic art deco span opened in 1937,"Famed 4,200-ft. art deco suspension bridge open to car, bike & foot traffic.",203145
San Francisco,PIER 39,https://t0.gstatic.com/images?q=tbn:ANd9GcQw4ezOUs1TY7ZrXGSrM8nJuPVQza9YM4fRU7inWT62J7i-I7Pw,Scenic pier with food & activities,"Bustling bayside pier featuring scenic views, sea-lion sightings, eateries, shops & entertainment.",177903
San Francisco,Alcatraz Island,https://t0.gstatic.com/images?q=tbn:ANd9GcRAVfCcl6jMmOgJwewa7TeF3wOygUwTFsEZoyCLEsmxESa5zTkp,Notorious prison/historical attraction,"Notorious prison & once home to Al Capone, now a museum with audio tour, accessible by ferry.",123875
Las Vegas,Fremont Street Experience,http://t0.gstatic.com/images?q=tbn:ANd9GcTd9wLabIbhcj7iMqkNqzW1Ye9sAobCuMk1ajrCblF-TlPxhr_E,Open-air mall with free entertainment,"Sprawling 24-hour mall featuring a huge LED canopy, casino & restaurant access & free entertainment.",70118
Las Vegas,MGM Grand,http://t1.gstatic.com/images?q=tbn:ANd9GcRLQKpLqy_m09UP_2vN9gCnRHMQy2iNTPvLowvbkOgoG50iP7p1,Landmark casino resort with trendy clubs,"Sprawling casino resort with renowned restaurants & lively nightclubs, plus multiple pools & a spa.",60594
Las Vegas,Red Rock Canyon National Conservation Area,http://t0.gstatic.com/images?q=tbn:ANd9GcTfeMaRj2W7fNlwCiDrP4Xn5ms5sZthXwTLugkvOWJplrR0-wgf,Red-hued natural wonder with trails,"Natural wonder with red rocks draws those looking to hike, rock climb or go for a scenic drive.",46472
San Diego,San Diego Zoo,https://t3.gstatic.com/images?q=tbn:ANd9GcRvmdrLt_CFAE-avdJgTkeg0mjsC9s7shncShYHC_cdI1KggGqh,"Zoo, safari park & wildlife conservation","Zoo features giraffes, koalas, apes & more, plus a safari park for tours & a conservation society.",92226
San Diego,SeaWorld San Diego,https://t3.gstatic.com/images?q=tbn:ANd9GcQMLlwV3VZoj3wnG8yGfTHyOx86bB3VIDnTkJA6IBU4onU_6tR2,Aquatic theme park with shows & rides,"Marine life shows, thrill rides, aquariums & up-close encounters with dolphins, penguins & more.",86241
San Diego,USS Midway Museum,https://t0.gstatic.com/images?q=tbn:ANd9GcTWebKoovsWXZxhZxMMZY7Y5VQ1bBs-6pbynIEG3pGvxCO21JIw,Historic aircraft carrier with exhibits,"Life-at-sea exhibits, restored planes & flight simulators aboard this legendary aircraft carrier.",80651
Venice,St. Mark's Square,https://t3.gstatic.com/images?q=tbn:ANd9GcSYC3SymjpAGbC8RTNrknc-jD2DbWdwBvZ0KcqBPFbBgN9e3MrZ,Landmark basilica-dominated square,Iconic square & gathering place dating back to the 12th century & dominated by St. Mark's Basilica.,262872
Venice,Rialto Bridge,https://t3.gstatic.com/images?q=tbn:ANd9GcR8-MUBu1OtxJRrzOBU6Gl1jL5jfvnt5aWBpaiL9kIjDHQrdaqL,Ornate footbridge over the Grand Canal,"Ornate covered 16th-century stone footbridge crossing the Grand Canal, with shops & restaurants.",247475
Venice,Saint Mark's Basilica,https://t1.gstatic.com/images?q=tbn:ANd9GcSuIOfkf56hmsTDtghKE1S83w04fqWemJ6nINBxENbs-9X1_VZE,Landmark cathedral with gilded domes,"Iconic cathedral with a cavernous gilded interior, myriad mosaics & an on-site museum.",200849
Nuremberg,Imperial Castle of Nuremberg,https://t1.gstatic.com/images?q=tbn:ANd9GcSBNunPrsAAy911lI1mJHZOkaDqJp2Ln9p0oHF4ha9ft871_lhJ,Landmark medieval castle & palace,"Imposing, 11th-century castle complex with a royal palace and gardens, plus sweeping city views.",47080
Nuremberg,Nuremberg Christkindlesmarkt,https://lh3.ggpht.com/p/AF1QipOSzqbW8fTfgXE2vAngM1nVFexjjdQyKw2846rZ=s1536,Celebrated market for Christmas goods,Famed annual holiday market with open-air vendor stalls offering handmade Christmas gifts & treats.,20543
Nuremberg,St. Sebald - Sebalduskirche Nürnberg,http://t2.gstatic.com/images?q=tbn:ANd9GcT6I4oBEChrqSWAj9PGObcHZHj0SW-7murmz1SgB4yX4khW9YGG,Medieval church with a large pipe organ,"Gothic-era, now-Lutheran church with stained glass windows, paintings & a hefty pipe organ.",18541
Lisbon,Belém Tower,https://t0.gstatic.com/images?q=tbn:ANd9GcRWAYjPsOjAJVbuYKs0gTAhsxb62sVEUV0Ket8zd1Mxzza8shbk,Landmark medieval defensive tower,Landmark medieval fortified tower on tiny river island with rooftop terrace offering estuary views.,209533
Lisbon,Castelo de S. Jorge,https://t3.gstatic.com/images?q=tbn:ANd9GcR1k6qRs7MaaFZBumGvlTTurIvjqCZirCAPrCR5CLetYq8-Jje2,Hilltop Moorish castle & palace ruins,"11th-century, hilltop Moorish castle & royal residence with palace ruins & archaeological museum.",198269
Lisbon,Jerónimos Monastery,https://t3.gstatic.com/images?q=tbn:ANd9GcQKNvNincfswSJLViVSjLcrcT19SpAiRD85Flf2khGk_FWJuKq6,World heritage listed Gothic monastery,Late Gothic Manueline-style monastery housing archaeology & maritime museums in its wings.,178052
London,Big Ben,https://t2.gstatic.com/images?q=tbn:ANd9GcQECJEWNXR9toxQTIh47_3sZOk8AZ9k7iTQWkBpGAEC7JFjyK46,London's iconic national timepiece,16-storey Gothic clocktower and national symbol at the Eastern end of the Houses of Parliament.,591405
London,Buckingham Palace,https://t2.gstatic.com/images?q=tbn:ANd9GcTlh2m1FI8H9jGhpOuj2XwsDCbMcJdjl79vLRZUAEHyqr-A6MMH,Home of the British Queen & State Rooms,Visitors can tour the palace's opulent private and state rooms or watch the changing of the guard.,589564
London,The British Museum,https://t2.gstatic.com/images?q=tbn:ANd9GcREGMFxdvMYPxLumXof2rMzCtuPhjLWRoM43drAdzpnr9rUS-NV,A historian's treasure trove,"Huge showcase for global antiquities, including Egyptian mummies and ancient Greek sculptures.",532734
Saint-Gilles,Grand Place,https://t1.gstatic.com/images?q=tbn:ANd9GcStm-a2l8wgGVgC6Xoq0QNI7dFdkUjAPWunthg4yCViSkpdcAgT,Market square surrounded by guild halls,Huge city square completely encircled by elegant historic buildings dating back to the 14th century.,203611
Saint-Gilles,Manneken Pis,https://t1.gstatic.com/images?q=tbn:ANd9GcQsMxM4MbH-B98QGdVxnYzxnaUW-H4Zpp5f_R1qJOByfD2ktkCN,Iconic 17th-century bronze statue of boy,"Iconic 17th-century fountain with a bronze statue of small boy, dressed in costume during festivals.",193362
Saint-Gilles,Royal Palace of Brussels,https://t3.gstatic.com/images?q=tbn:ANd9GcRGxbCi4HdAg12AffsIV9uih0WYECqnctmcIVpQTaSWjtVjrmLt,Working palace with summer public tours,"Palace of the constitutional monarchy, with throne & other state rooms open for tours each summer.",99217
Denver,Red Rocks Amphitheatre,https://t2.gstatic.com/images?q=tbn:ANd9GcT2vrLqMCz7p93NCeMlt3cIJgw1Mk3kr7vh9jpB_XYgaThz1TMr,Iconic amphitheater in a mountain park,"Well-known, geologically formed amphitheater in Red Rocks Park showcasing celebrated music artists.",32150
Denver,Denver Botanic Gardens,https://t2.gstatic.com/images?q=tbn:ANd9GcTuf-mum_mxKMJVpz5PfdplAIO-NsA233XjgG-_DreSB9kogEkt,"Collections of plants, classes & events","Botanical showcase for native & international plants, plus events & educational & research programs.",22455
Denver,Denver Art Museum,https://t2.gstatic.com/images?q=tbn:ANd9GcT75IFEV1eqsGWPwfbei_MS7NLkKtnXE8cZTzGhvBiqA2Y3O3Tj,Western & regional works over 7 stories,2 buildings (the second designed by architect Daniel Libeskind) highlighting Western & regional art.,21940
New York,Times Square,https://t3.gstatic.com/images?q=tbn:ANd9GcSTvnG_OSk957bv3W9eO1-RMf4_evZikUvqQh_3nU4Xz3aElV9r,Bright lights & Broadway shows,"Bustling destination in the heart of the Theater District known for bright lights, shopping & shows.",557946
New York,Empire State Building,https://t1.gstatic.com/images?q=tbn:ANd9GcTLCxcstJV2dZbyXMh1AosbK3xDPL2DSuOfuunV8XgyDzKl8SQL,103-story landmark with observatories,"Iconic, art deco office tower from 1931 with exhibits & observatories on the 86th & 102nd floors.",464880
New York,The Metropolitan Museum of Art,https://t1.gstatic.com/images?q=tbn:ANd9GcSFbma3f3Z7O4mJ7HuO6nHBg2qMvT7uWsF3CpWdHpW3UReR8fDc,World-class art collection,"A grand setting for one of the world's greatest collections of art, from ancient to contemporary.",451575
Cape Town,Cape of Good Hope,https://t3.gstatic.com/images?q=tbn:ANd9GcR3LotEmh6Wxt4G15ts5Z8NdZgz6K9ULjmyD393W3HA6BaX-mla,Scenic spot & tip of the Cape Peninsula,Tip of the Cape Peninsula forming part of a protected wildlife reserve with picnic spots and walks.,33808
Cape Town,Boulders Beach,https://t0.gstatic.com/images?q=tbn:ANd9GcTrOlWBrt6RTV-te1m8AhH3zUesrm7g94UJwnNBLZ_K7Dy5eFEl,Sandy cove with resident penguin colony,"Sheltered public bay with a sandy beach & boardwalk, plus free-roaming colony of African penguins.",28235
Cape Town,Kirstenbosch National Botanical Garden,https://t3.gstatic.com/images?q=tbn:ANd9GcQhwB1tVxl4qCjcKC9m5r6Y6egMsd_aWaFzLXyef71racb2gnxk,Nature reserve with mountain views,"Hillside garden & nature reserve with rare plant species, walking trails & mountain views.",20051
Boston,Faneuil Hall Marketplace,https://t3.gstatic.com/images?q=tbn:ANd9GcRPw9Lnhnq0p3FBAiMN8RdEcmg0ABNUFd50xaSWCCgfcbWg1UL4,Historic indoor-outdoor shopping center,Shopping center with many stores & restaurants comprising 3 historic market buildings & a promenade.,92755
Boston,"Museum of Fine Arts, Boston",https://t2.gstatic.com/images?q=tbn:ANd9GcQaXEDMZyZxzX6v8pSL0aK2SaHT0gUlrHHzuPbT43DJ82ImW2gJ,Impressionist art & Egyptian treasures,Neoclassical & modern wings house a vast collection from ancient Egyptian to contemporary American.,61284
Boston,Fenway Park,https://t2.gstatic.com/images?q=tbn:ANd9GcTYoVL_mqge4q-37d14uakZtBlzw8h8TSxVBe4lpGBCGP1dQHaj,Legendary home of the Red Sox,"Historic, small-capacity ballpark, home of the Red Sox & occasional big-name concert venue.",58527
Brussels,Grand Place,https://t1.gstatic.com/images?q=tbn:ANd9GcStm-a2l8wgGVgC6Xoq0QNI7dFdkUjAPWunthg4yCViSkpdcAgT,Market square surrounded by guild halls,Huge city square completely encircled by elegant historic buildings dating back to the 14th century.,203611
Brussels,Manneken Pis,https://t1.gstatic.com/images?q=tbn:ANd9GcQsMxM4MbH-B98QGdVxnYzxnaUW-H4Zpp5f_R1qJOByfD2ktkCN,Iconic 17th-century bronze statue of boy,"Iconic 17th-century fountain with a bronze statue of small boy, dressed in costume during festivals.",193362
Brussels,Atomium,https://t3.gstatic.com/images?q=tbn:ANd9GcSv6v9CByHGOzHIjpHcI9p4m5FFZ1LA00c7j2qi3MonGiGDd6QD,Towering & iconic steel atom sculpture,"Giant stainless steel atom, particles connected by escalators, with exhibitions & views from 92m.",104452
Chicago,The Art Institute of Chicago,https://t0.gstatic.com/images?q=tbn:ANd9GcRlMQeth8BC00x9HrBimyaoG_vK4QWZRn22iKSXWOXu06nKTAaD,"Jewelry, decor & books inspired by art","2 boutiques in the Loop museum specializing in art books, jewelry, decor & souvenirs.",103126
Chicago,Navy Pier,https://t0.gstatic.com/images?q=tbn:ANd9GcTeFH-JiF2AoRp3PMnJLkEr6X1y_TCXv8fyohQwgJ26GfJ2BHnE,"Destination with rides, shops & food","Former Navy training center draws crowds with carnival rides, restaurants, shops & fireworks.",97430
Chicago,Willis Tower,https://t0.gstatic.com/images?q=tbn:ANd9GcRyDqbLXvr4pd0bPa5vt7or_Sp7TGU8xu9PKnhQDJ6fKWcGvjel,Super-tall skyscraper with city vistas,"Iconic, 110-story skyscraper featuring expansive views of Chicago from its 103rd-story Skydeck.",96023
Tulum,Zona Arqueológica de Tulum,http://t3.gstatic.com/images?q=tbn:ANd9GcQRRzpCCLlisc9an2uqmEroIujxB6ZBupBe3YZ61BGVuOq2ulD_,Seaside site of an ancient walled city,"Ruins of a walled, ancient Mayan city, located on a bluff overlooking the Caribbean Sea.",71K
Tulum,Great Cenote,http://lh3.googleusercontent.com/-R4c2lxjdwgM/WOJLqQK0rtI/AAAAAAAAW34/flQaeTvy7ycQGrptAbeai7E52bsVAXEFgCLIB/w160-h120-k-no/,Snorkeling in a limestone sinkhole,"Limestone cenote & cavern with snorkeling areas, equipment rentals & boardwalks.",35K
Tulum,Parque Nacional de Tulum,http://lh3.googleusercontent.com/proxy/eUXJnc3og6Bz_Z2k8gnasCst7TOrM_zDlyYTuz4gPmJBO56vYoIL-T8RS9KzQZnxeI3XOgUuUYlVydFJgtzLEMlTHF8PkN5EwlSwkTN_gHLP1XdIntF62rfJHyJK36O98c_pAsiV5av0W71YrPUHsvbhKWk5egg=w214-h120-k-no,National park with Mayan ruins,"In addition to its lush views & coastal landscape, this national park features Mayan ruins.",11K
Jackson,National Elk Refuge,http://lh6.googleusercontent.com/proxy/BBJvNepeE4lYQrNiFPU5QWwRnQ1iX53rDNj_431Tnc304xO6wb3ygjNcciY82S-nfBvN2SVa4pymNAHngzObd8fEJoiKm9JXWvig9BfdR4iLYk1i7GpDJcQBrfEq4usiIcKy_rd9DiHQVWkTwvk6s7kh7iv_i-U=w227-h120-k-no,Riverside flats with winter herds,Various wildlife inhabit this preserve where elk herds descend in winter & sleigh rides are offered.,2.4K
Jackson,Jackson Town Square,http://lh5.googleusercontent.com/proxy/VFdoaHq5hdJgEIGF5ZeMPer9BBYCR0AfvSOFIXgXNqG7SkDCLYShX19dkf3gm3LOoVXvrpVP9GxQnnVeTy8GhPvHV_Da1xhrVeSn7F3J7k5Sy948GL5s-4HP84Luk25yagHpylZSyXyAT_fjVfjPmCn35B3udA=w160-h120-k-no,Landmark green space with antler arches,Popular park with iconic elk antler archways at each corner & a grassy center with trees & benches.,4K
Jackson,Grand Teton National Park Foundation,http://lh3.googleusercontent.com/-Pi5Q173x2RI/VbjaIkHpljI/AAAAAAAAABU/TTCveU9Wa7gvx0c_JlZmiKiY3hneRT0IwCLIBGAYYCw/w198-h120-k-no/,,Tranquil spot with plenty of wildlife plus hiking, rafting & swimming among valleys & mountains.,2.1K
Tokyo,Sens_-ji,http://t2.gstatic.com/images?q=tbn:ANd9GcQcrhKB2MzICvohKEpv-vmmV3NkzzMdeRNvwO9-hgaFxSyge0N-,Historic temple to the goddess of mercy,"Completed in 645, this temple, Tokyo's oldest, was built to honor Kannon, the goddess of mercy.",469K
Tokyo,Tokyo Skytree,http://t1.gstatic.com/images?q=tbn:ANd9GcTzshKuxu7tEwGsF4i1Tmokm3e5ZOhoB5h0vTP81YwyDGT10O_M,Huge tower with an observation deck,World's tallest freestanding broadcasting tower with an observation deck boasting 360-degree views.,464K
Tokyo,Tokyo Tower,http://t3.gstatic.com/images?q=tbn:ANd9GcT41lNsyo4wukQ6z0197M5jEMuYrz7qkdA30DVoGRw-io2jZbqD,Well-known tower with observation areas,"Reminiscent of the Eiffel Tower, this landmark features observation areas & other attractions.",416K
Tampa,Busch Gardens Tampa Bay,http://t1.gstatic.com/images?q=tbn:ANd9GcSVq0DPinKu75q5ZTH5OoigXyE7HivvYkSaIYp6GdmcmPx3xhTn,African-themed amusement park & zoo,"Venerable theme park with thrill rides, African animals, live entertainment & kiddie attractions.",52K
Tampa,The Florida Aquarium,http://t3.gstatic.com/images?q=tbn:ANd9GcSH7aH330mQIHX7SLpN1uY3rgEZJJxgLhG8SZk0r-uA7_qo7tDZ,"Over 20,000 aquatic animals & plants","Aquarium with sharks, penguins, stingray touch tanks, a wild dolphin cruise & a water playground.",41K
Tampa,ZooTampa at Lowry Park,http://t0.gstatic.com/images?q=tbn:ANd9GcSoy88Q7pr4rvQCyIwvFDUx5elnheDYZfTLfg3o4PSC-bpKcCI_,Lauded zoo with interactive exhibits,"Celebrated zoo offering giraffe feeding, educational programs & a water play area.",12K
Punta Cana,Bávaro,http://t1.gstatic.com/images?q=tbn:ANd9GcRlKFDD3LGUT2OqJNzXLAkSlocwR1O4sMWrmUg7Ri95V7GpspPR,,Bávaro is an area of beach resorts in Punta Cana, where the Caribbean Sea meets the Atlantic Ocean on the Dominican Republic's east coast. Palm trees back a wide beach, and a long coral reef creates calm waters. Golf resorts dot the inland area, while vendors at Plaza Bávaro sell handicrafts. Shops at the nearby Palma Real Shopping Village also showcase regional arts and crafts.,4K
Punta Cana,Juanillo,http://t0.gstatic.com/images?q=tbn:ANd9GcRgKNusI7zXeDcOSAq_N7pXftZanys7saXBT7_sXUPBK3d4YNHrS4DSzA,,Tranquil turquoise waters & an expansive white sand beach are the highlights of this scenic bay.,1K
Punta Cana,Scape Park,http://lh5.googleusercontent.com/-kqlU_cxoltc/WFGnpk6EOYI/AAAAAAAABDc/A8MpKBEpbfA9ImJcE3q3iGHyeNQP3CJhACLIB/w160-h120-k-no/,Adventurous & relaxed outdoor activities,"Natural theme park with a variety of attractions, including zip lining, cave expeditions & a beach.",1K
Indianapolis,The Children's Museum of Indianapolis,http://t1.gstatic.com/images?q=tbn:ANd9GcRzuWDsk5OsL1vD3mrTv0LoUHhrubUVvqLAogTVLvF9USRSgB9h,Varied exhibits exploring arts & culture,"Huge, interactive kids' museum includes a planetarium, carousel, science labs, library & much more.",11K
Indianapolis,Indianapolis Zoo,http://lh5.googleusercontent.com/proxy/UtxYpuztNXOkKFNQQKz0clnT-gUa55rjs6n6fJ6TaYyIB2res9cbRVRLA3nHAVAfbMzsqX7_iv2IMoNWSS0p12oDAJjnzStusXPPL76hIa-8meGhFcZzQRcm_9_doj08mrrQ28d8zwqfAA-HtlROb-4NnZ_6TnA=w162-h120-k-no,"Animal park, botanical garden & more","Zoo with an aquarium, rides, shows, petting & play areas, plus an indoor/outdoor garden.",8K
Indianapolis,Indianapolis Motor Speedway,http://t3.gstatic.com/images?q=tbn:ANd9GcRsFJ-NzO0bBJSCxk2qBAZ12nXNiA1PH8QSWjGFBmFPd-AgWViZ,World's largest auto racetrack,"Famed speedway home to the Indy 500 & many other races, plus on-site museum, tours & golf course.",17K
São Paulo,Ibirapuera Park,http://t3.gstatic.com/images?q=tbn:ANd9GcRl-zrxa9R0hUC6nPhc75lOTIMO5NivkfyayZhC1xzn6kI8DQvK,Cultural center & green recreation area,"Scenic park with museums, a planetarium, auditoriums & recreation areas with bike paths & courts.",41K
São Paulo,Museum of Art of São Paulo Assis Chateaubriand,http://t1.gstatic.com/images?q=tbn:ANd9GcTq785vARXPrfDUzaFgV3Km6tVHga2TeyyK7EpaLaZj4dUki0HF,Large collection by renowned artists,Iconic building housing one of Latin America's most important collections of renowned art.,36K
São Paulo,Mercado Municipal de São Paulo,http://t2.gstatic.com/images?q=tbn:ANd9GcRh7KiWGAOLfYHZwHf2OuCY1QWOMCiunzAQVY2yhCi-op3b2HUb,Exotic fruit & vegetable market,"Historical building with stands selling rare fruit, vegetables & dairy produce, plus a food court.",41K
Gatlinburg,Ober Gatlinburg,http://t2.gstatic.com/images?q=tbn:ANd9GcTtyopEvF2YQxSb9jyxyIXRbk8qsrmCMjPEihA75H-MSXDLHhAc,Amusement park with skiing & more,"This mountainside amusement park features skiing, mini-golf, wildlife encounters, a mall & more.",8K
Gatlinburg,Ripley's Aquarium of the Smokies,http://lh3.googleusercontent.com/-K-tA80lS8P4/W48-pvwLp3I/AAAAAAAAJr4/VXMhCME-5O0b9eUCmiqu-EnyEkk3HKbXACLIBGAYYCw/w180-h120-k-no/,,State of the art facilities with over 10000 exotic sea creatures in 10 themed galleries.,10K
Gatlinburg,Gatlinburg SkyLift,http://lh6.googleusercontent.com/-VPD3JzTlPrw/WxgRHTHkmrI/AAAAAAAAADI/2dzByxB5uqolySLnVCO6EGh7CPzGjhgNwCLIBGAYYCw/w212-h120-k-no/,Scenic chairlift ride to mountain vistas,"Open-air chairlift ride to the top of an 1,800-ft. overlook with views of the Smoky Mountains.",5K
Paris,Eiffel Tower,http://t3.gstatic.com/images?q=tbn:ANd9GcSbwWUCcJ5nl8n3LsH6TTjAkoc1Gr6YGEpLLpNZ-q1niQoqmM1T,Landmark 324m-high 19th-century tower,"Gustave Eiffel's iconic, wrought-iron 1889 tower, with steps and elevators to observation decks.",1M
Paris,Louvre Museum,http://t2.gstatic.com/images?q=tbn:ANd9GcSzqF1NJT23R4ia_hI8-C6voQBNE-C_ftVEo9imLxc92_VUtf0U,Landmark art museum with vast collection,"Former historic palace housing huge art collection, from Roman sculptures to da Vinci's ""Mona Lisa.""",836K
Paris,Arc de Triomphe,http://t0.gstatic.com/images?q=tbn:ANd9GcR_PxqGOS_t1pVvUU_wSt8rd730y8k6b1zkyK7m4rc01qE-0dd2,Triumphal arch & national monument,"Iconic triumphal arch built to commemorate Napoleon's victories, with an observation deck.",705K
Honolulu,Diamond Head,http://t3.gstatic.com/images?q=tbn:ANd9GcSDNrz2iMPgExrcuaIkbpTHV7KgTaMqZYvamOZXUQkf9FdSz6x2,,Iconic volcanic peak, home to hiking trails & remains of historical military fortifications.,48K
Honolulu,Pearl Harbor,http://t3.gstatic.com/images?q=tbn:ANd9GcTmKjO2WL171JZifd9jz649V7H4mBCr9bx-t7DRM-QM58x-Ih9C,,This still-active naval base is known for the 1941 attack by Japan that brought the U.S. into WWII.,44K
Honolulu,Hanauma Bay,http://t0.gstatic.com/images?q=tbn:ANd9GcTn1isdxenJ4mMbNk781Qm0yLuHPfdoU52uHM_I-I047MCdxsCx,,This popular nature preserve on a bay features a beach, green sea turtles, parrotfish & more.,51K
Miami,Vizcaya Museum & Gardens,http://t2.gstatic.com/images?q=tbn:ANd9GcQFdxkgvcsz0VOMlhFABrX4EolNLWHjKu7mS45cj6UBbZtpGOM1,"Art, antiques & gardens on Biscayne Bay","Historic estate with formal gardens & sculptures, grottos & circa-1914 mansion turned museum.",45K
Miami,Bayside Marketplace,http://lh3.googleusercontent.com/-V7O3N51EL6E/V8P2CorxYnI/AAAAAAAAGqM/igj3XrokiMEzBgdIPuJENQ2E7XM_bULAQCJkC/w179-h120-k-no/,Sizable center with shops & restaurants,"Large, waterside shopping center with many familiar stores, plus eateries & sit-down restaurants.",45K
Miami,Wynwood Walls,http://t1.gstatic.com/images?q=tbn:ANd9GcRZ03IpMQCVIbS5sRvoQ_-YlXGuxPXprpcrr3ifKv7fVSDhru4O,Outdoor museum with creative street art,"Unique outdoor destination featuring huge, colorful street murals by artists from around the globe.",60K
Phoenix,Desert Botanical Garden,http://t2.gstatic.com/images?q=tbn:ANd9GcTnmqNvS_mOd4NVto-eXRivZm45sQB4LxF6xZAjtrKfIE4K9eUh,"Botanical garden souvenirs, books & more","Botanical-garden gift shop stocking unique souvenirs including apparel, jewelry, books, DVDs & more.",16K
Phoenix,Phoenix Zoo,http://lh6.googleusercontent.com/-XPnXm4nC1GU/WdZoPR9ugGI/AAAAAAAAxbk/95ile1E2a_gLU0njy44zyDi1_0WACiPpwCLIBGAYYCw/w160-h120-k-no/,"Home of 1,200 animals & a petting zoo","125 acres of animal exhibits, including a children's area & petting zoo, plus a narrated tram ride.",13K
Phoenix,Hole in the Rock,http://t0.gstatic.com/images?q=tbn:ANd9GcRj5tyzYm3Fmiv0cr9UPgfsisCAPOZQhmIpLZvFKu4Tehw8ZGOM,"Geological cluster with big, open spaces",Landmark rock formation with multiple cavelike holes in the sandstone created by erosion.,9K
Stockholm,The Royal Palace,http://t0.gstatic.com/images?q=tbn:ANd9GcSiltpzacb9eNdCEjdaDSKBXp4ohAUlWfvFLOu2HhA-CupWY3ml,"Royal palace & museums, open to public",Baroque-style royal palace with 3 museums & a vast library. Guided tour included in admission fee.,88K
Stockholm,Vasa Museum,http://t2.gstatic.com/images?q=tbn:ANd9GcSzCXXCQYF0HWgU2uu48kQs0MyjaNt6hBzfKaoCzpYTuhwGDQZziNJg7g,Maritime museum with 17th-century ship,"Museum for well-preserved, 17th-century warship, Vasa, that sank on her maiden voyage in 1628.",111K
Stockholm,Stockholm City Hall,http://t3.gstatic.com/images?q=tbn:ANd9GcSM2pAlI-Hga5c3nepawl5v2wHpdP24b9yu75A8Ypzqf3Uki36Y,Monolithic National Romantic building,Waterside government offices completed in 1923 & made from red brick with a lantern-topped tower.,77K
Austin,Texas Capitol,http://t0.gstatic.com/images?q=tbn:ANd9GcTItRu7UnBEHATHzVn-MmR17ouWHaV9EyKo3G1_IO9OTSHbIpRb,Home to the state legislature,The 1888 granite & marble structure has a significant rotunda & dome plus House & Senate chambers.,34K
Austin,Barton Springs Municipal Pool,http://t0.gstatic.com/images?q=tbn:ANd9GcQE3qZU5_wawGZPSLdXfszrEOKRr0gqKu7oXslWaZFqgwuw48m9,3-acre swimming pool in Zilker Park,Beloved spring-fed pool maintaining a 68�F temperature year-round with lifeguards on duty.,32K
Austin,Lake Travis,http://t0.gstatic.com/images?q=tbn:ANd9GcSSfGFBN8Ro4O8ZbuZS0JXMWvB3cSwaG-bQemC6MNkpOgQzhIeO,,Flood-control reservoir on the Colorado River offering swimming, boating, fishing & camping.,24K
Mexico City,Museo Nacional de Antropología,http://t2.gstatic.com/images?q=tbn:ANd9GcTyqUvRReHuxGU9eL3cEH6YaHb1Xb2cT1459KU2gR2q6l5jbovA,Museum with Mayan artifacts & more,Popular anthropology museum showcasing artifacts from as far back as the ancient Maya civilization.,78K
Mexico City,Zócalo,http://t2.gstatic.com/images?q=tbn:ANd9GcTI2Qau6OrzdleIZZowu4rqhsQhP3pRBtFeihoJwGPtlkJ2wGsY,Prominent plaza with frequent events,Mexico City's main square has roots to the Aztecs & is now the site of frequent cultural events.,72K
Mexico City,Frida Kahlo Museum,http://t3.gstatic.com/images?q=tbn:ANd9GcTZCKb04TayKojmCUxCEM0RzVYjx0ZWNcWvL5NbygGiZ67eTTHu,Famous artist's home-turned-museum,Museum dedicated to the life & works of Frida Kahlo located at her bright-blue former home.,85K
Asheville,Biltmore,http://t2.gstatic.com/images?q=tbn:ANd9GcT_Nes01k8_Q2gJBKwAIC0OT2d1NlaSvn6ZLkaqflWM180wmHFJ,Historic mansion with gardens & tours,"George W. Vanderbilt's iconic French Renaissance château features 250 rooms, lavish gardens & tours.",34K
Asheville,The North Carolina Arboretum,http://t2.gstatic.com/images?q=tbn:ANd9GcStBeKwBliGxeHqR3y86dKbY0dBkM9trm83TQvk5ubxO3nq6Qu7,Gardens & nature trails on 434 acres,"Arboretum in a forest with mountain views, gardens & a bonsai exhibit, plus hiking & biking paths.",6K
Asheville,Asheville Pinball Museum,http://lh4.googleusercontent.com/proxy/J4nQUQmmJVd3Aa1OZ8d6fviYhKNkMnSBg-0phrc4KS9d1QIzflNQY2ph0bJ186uXjPRR8Dt84dkStQgpk4jRncsVTtK_VZqCgsMQx_54772Kpo48W61UoMlEGSTmVx9Qy2jtvCsao83UpA6w_lPbqYFzUs1zRQ=w180-h120-k-no,Unique spot for all-you-can-play pinball,"All-you-can-play arcade featuring 75+ pinball machines & classic video games, plus beer & soda.",4K
Shanghai,Yu Garden,http://t3.gstatic.com/images?q=tbn:ANd9GcTYTLl2xuE7UCJsAQk3ytdTWNglpB1oNr7IRC4-kb8373X-4nBE,"Winding, famed classical garden","5-acre garden built in 1577 that features Ming dynasty pavilions, ponds, rockeries & arched bridges.",88K
Shanghai,Oriental Pearl TV Tower,http://t0.gstatic.com/images?q=tbn:ANd9GcQS-gfdoywEaP5YM7js0sNu3tdTPKtPcZpfwzqjFCjavtXxCZd5,Iconic tower with city views,"Futuristic TV tower (468-meters tall) offering city vistas, a history museum & revolving restaurant.",65K
Shanghai,Tianzifang,http://t1.gstatic.com/images?q=tbn:ANd9GcSS4u7YEcXMzEX8Y26zLeUtQLZdigvYVCCkdEb-P9f40dOO_aPd,Historic neighborhood with an artsy vibe,"This former French Concession area with narrow alleys is known for its quaint shops, cafes & bars.",64K
Cancún,Xcaret,http://t1.gstatic.com/images?q=tbn:ANd9GcQKbNH8twOhL1NyQqx6wsi5Sdx7hAX54dwcm8HqAh-7nHyQdf4x,Eco-archaeological park with attractions,Waterfront eco-archaeological park offering attractions such as snorkeling & cave exploration.,53K
Cancún,Playa Delfines,http://t1.gstatic.com/images?q=tbn:ANd9GcSzreP_KakNRKZI_u2gghU5kOEqgwEHY8cV6P27UD-gB1mmp_7m,Undeveloped strand of white sandy beach,"Broad stretch of white sandy beach featuring a few palapas & a playground, but no buildings.",19K
Cancún,Museo Maya de Cancún y Zona Arqueológica de San Miguelito,http://lh3.googleusercontent.com/-sF0JRFm_Ips/W0TO8rYvtCI/AAAAAAAAAxM/aXd_XSL9YvcIEcv0073tkrBJUeCVrNLzgCLIBGAYYCw/w213-h120-k-no/,Avant-garde site featuring Mayan culture,Important collection of Mayan archaeological artifacts housed in a sleekly designed setting.,29K
Madison,Wisconsin State Capitol,http://t1.gstatic.com/images?q=tbn:ANd9GcR5s8sW8wI0Xi3RLOY5ZoDZnJLxvnKKKOpy1sH_njJRVWE9U1XH,Grand government building with tours,"Tours are offered of this large, architecturally notable government building completed in 1917.",5K
Madison,Olbrich Botanical Gardens,http://t3.gstatic.com/images?q=tbn:ANd9GcQUZ8uD0eSEQ1zSpyc0oZFK6VTAv8c9rzm_ahTuV7dVdntTz6ae,16 acres of indoor & outdoor gardens,"16 acres of gardens, including a tropical conservatory, a rose garden & a gilded Thai pavilion.",5K
Madison,University of Wisconsin-Madison Arboretum,http://lh5.googleusercontent.com/proxy/YFm-yhjZ15KOIBjM5l6uZFZ7_7EcuCIfo4O6NPBTKWUTE7XWOqArb_SKczvPYM5zLOxUeJeN5dgANUiG1oCdHFqYYpz91OEW6Xn4wWRV_DLwALENQEmpKcctryVz8UkwUVY9v5Lrp3pwj8OCxyTKvhn7TwiVfA=w180-h120-k-no,"Varied habitats across 1,200 acres","1,200 acres of varied habitats including prairies, forests & wetlands plus trails & nature classes.",10K
Quebec City,Fairmont Le Château Frontenac,http://t0.gstatic.com/images?q=tbn:ANd9GcRS7gcFUWoLDFWcCPAkQLsgHUbf-nV-AEwVDKt7z2JriWQ4_mGq,Luxe castle hotel with posh dining,"Historic, high-end hotel offering plush quarters, plus fine dining, a spa, a wine bar & river views.",54K
Quebec City,Montmorency Falls,http://t1.gstatic.com/images?q=tbn:ANd9GcTN08qbWfmpMqrp2jCIFES6gsDfUrwoDNOrqF5JMcQVYRexJeuU,Grand waterfall surrounded by parkland,"Towering waterfall with scenic views from trails, steps, a suspension bridge & a tram.",37K
Quebec City,La Citadelle de Québec,http://t3.gstatic.com/images?q=tbn:ANd9GcSAewa8LW_wQ1F1Se8QAhuBjXuc2VGqe0-8dvmSeR_45QFF5kOV,Museum & active fort with a long history,"Complex featuring a long-standing active fort, plus a museum & changing of the guard ceremonies.",38K
Mont-Tremblant,Tremblant,http://lh4.googleusercontent.com/-zhAyFV5HuP0/WfDuO6EHPnI/AAAAAAAAC_U/4GaE4UtEGwE4siQpLAT-EE0ijL9-FMsCACLIBGAYYCw/w180-h120-k-no/,,The year-round Mont-Tremblant Ski Resort, on the shores of Lake Tremblant, features acclaimed winter sports, golf courses and a pedestrian shopping village.,5K
Mont-Tremblant,Scandinave Spa Mont Tremblant,http://lh3.googleusercontent.com/proxy/YorFaOViRb9esojDoQsWiSFcxhYkvjHHpzUiuFlt9iozqjErZ_G91FL6cMImZMaUKAs-tz4S-FM4KPMcDlDndOt3P7e6V46PCHaNpATupaVg7iUd9LcVPklAqMhLUbvL2Bi3XnovmjeUp03ti4I9l3GJqg3Y0ks=w180-h120-k-no,,Traditional Scandinavian baths experience in a peaceful and natural environment along the shore of the Diable river,2K
Mont-Tremblant,Casino de Mont-Tremblant,http://lh6.googleusercontent.com/proxy/BfC5TJSOUwBYFEF2yDaktVzpWzrRteB4yEo6qwO7EOllWvupqGqza2Aja9Zjadj2yQW_XUrkJHblQhLA6jRepX7nM1JJ_CQW_VuvcLVirRwTqNPHOR3vdrfElKpHpKNpyGPI6TNFCzt6I3VnO-UYE-gSe4NxP5g=w230-h120-k-no,Compact casino with live entertainment,"Table games, slots & live shows are offered at this small casino with a contemporary lodge vibe.",947
Philadelphia,Liberty Bell,http://t0.gstatic.com/images?q=tbn:ANd9GcTly2EwVb_HE_pjVenPK9L0DnIj4VZBnv4ZdZSTWWz-w0Wt84Ct,Historic symbol of American freedom,"Last rung in 1846, this 2,080-pound icon of freedom features a biblical inscription & a famed crack.",0.5595271587,2,104966,0x89c6c8830b04502f:0xce39e053fb81ef23,maps,
Philadelphia,Reading Terminal Market,http://t1.gstatic.com/images?q=tbn:ANd9GcSPp3008N2-0a4CxGE3twjgimsqg6Z_hVJy8d31O5yq9qS6uRVd,Historic hub for eclectic foods & goods,"Famous indoor farmer's market offering diverse fare, housewares & area specialties since 1892.",0.5125255585,7,87688,0x89c6c62958fb0109:0xcd8fd007dc1d6b01,maps,"Skyscrapers mingle with stone mansions in the city's commercial heart, home to swanky restaurants and colorful dive bars. Locals and tourists enjoy panoramic views from the observation deck at majestic City Hall, and outdoor dining and concerts at Dilworth Park. Reading Terminal Market, dating from 1890, is a top spot for foodies, while the Pennsylvania Convention Center hosts the world's largest indoor flower show."
Philadelphia,Philadelphia Museum of Art,http://t1.gstatic.com/images?q=tbn:ANd9GcQzpdKGXG_V6d3UGxmZ1SGYKUT4BCJ8MzaOkunNRYJneF5CbAVN,Famed art museum with classic pieces,Majestic space with famed entry staircase featuring Renaissance classics & special exhibits.,0.5657132864,1,70045,0x89c6c5e645a890ff:0x8b2876210329c0d3,maps,
Da Nang,Danang Cathedral,http://t2.gstatic.com/images?q=tbn:ANd9GcTOf8hEuN8Dtz525nFXzzoD__i_RCiWua39bKvt_t47HiW85TXc,Urban Catholic church with a pink facade,"Built in 1923, this Gothic-style pink church in the city center has a weathercock-topped steeple.",0.4266686141,9,123335,0x31421832547c341d:0xf5a1cee35303f175,maps,
Da Nang,Hàn Market,http://lh3.googleusercontent.com/-heQ7FcnrLr0/W6tMh2uEe1I/AAAAAAAAAQg/ZGQVyb3MSsUuF86immDh-5IH7QYUJok5ACLIBGAYYCw/w246-h120-k-no/,Bustling food & clothing market,"Buzzing, multi-level indoor market with vendors selling food, clothing, fabrics & housewares.",0.4350638092,8,115786,0x31421832397ecc0d:0x90b24f8b8cb2873f,maps,
Da Nang,The Marble Mountains,http://t3.gstatic.com/images?q=tbn:ANd9GcRkAgoQvpMfCQAHSGmLe0Rdzez6gWT7Ew5k5lHBFz49ndx-pMnT,Dramatic mountains with caves & temples,"Network of 5 marble mountains with multiple caves, elaborate temples & viewing outlooks.",0.6196411252,1,100193,0x31420dd4e14b2edb:0xbc6e1faf738be4c5,maps,
Florence,Cathedral of Santa Maria del Fiore,http://t0.gstatic.com/images?q=tbn:ANd9GcTCaciBSQpvAqUWssEKvyTYQ-HnlFNDFXYLd1dgnT4z59zZJd6_,Medieval cathedral with iconic red dome,"Landmark 1200s cathedral known for its red-tiled dome, colored marble facade & elegant Giotto tower.",0.9865700603,1,374031,0x132a5403bfe22ff5:0x5591438487aaf1f5,maps,
Florence,Piazzale Michelangelo,http://t0.gstatic.com/images?q=tbn:ANd9GcSKoVPDOtE4NO0Vj0cNxyihtjG1vojgUzaUYApavV3-fYNPugVx,19th-century piazza with views over city,19th-century piazza with a bronze replica of Michelangelo's David & panoramic views over the city.,0.6333273053,11,350196,0x132a53f743663843:0xb4f768e1820d5119,maps,
Florence,Ponte Vecchio,http://t3.gstatic.com/images?q=tbn:ANd9GcSDxCAJNXt7LjtrD7uIvAcVuZ8ycKCGbz1_-o96PvL1-qQrTRjl,Medieval stone bridge with jewelry shops,"Picturesque medieval arched river bridge with Roman origins, lined with jewelry & souvenir shops.",0.8738808036,2,320327,0x132a56aaa2dcb667:0x40310ae830e702e8,maps,
Kyoto,Kiyomizu-dera,http://t3.gstatic.com/images?q=tbn:ANd9GcRx7E5xPc9jViyzmowSDFTDV4DmmuL7UW0uPO83hAj97shCt4Dd,Historic temple with picturesque views,Iconic Buddhist temple on Mount Otowa known for the scenic views afforded from its sizable veranda.,0.9421948195,2,861687,0x600108d385dcfb07:0x62af658650c434ba,maps,
Kyoto,Fushimi Inari Taisha,http://t3.gstatic.com/images?q=tbn:ANd9GcRi2wPklGIL0BEc766eY-kVdlYx13ZIHPIBYLwTo8R2z3lMT2bu,Shinto shrine with famed gates,Mountainside Shinto shrine dating from 711 A.D. featuring a path with hundreds of traditional gates.,0.9235150814,4,790301,0x60010f153d2e6d21:0x7b1aca1c753ae2e9,maps,
Kyoto,Kinkaku-ji,http://t3.gstatic.com/images?q=tbn:ANd9GcSEi9QMvQ_3u-BTS9rs5lbBcjs_lu4GbaVXfs5D45P0fuNCgH7L,"Iconic, serene, gold-colored temple","Historic, tranquil temple with a gold-leaf facade set amid landscaped gardens & a reflecting pond.",0.936958909,3,649185,0x6001a820c0eb46bd:0xee4272b1c22645f,maps,
Dubai,The Dubai Mall,http://t1.gstatic.com/images?q=tbn:ANd9GcTjUms5-Lc-LR06ETA5J6XrjXpfXeNYIg_e8CrHl46m8XJelS8w,Expansive shopping & leisure complex,"Huge shopping and leisure centre, with department stores, plus an ice rink, aquarium and a cinema.",0.9234309196,3,169935,0x3e5f682829c85c07:0xa5eda9fb3c93b69d,maps,
Dubai,Burj Khalifa,http://t0.gstatic.com/images?q=tbn:ANd9GcRDgMuH1nRdbWEuyapXd3uZaV-Q26bjx2uZ4OGvRaBYVSRBH8ew,160-story skyscraper & observation deck,"Spired 828-meter skyscraper with a viewing deck, restaurant, hotel and offices and 11-hectare park.",0.9751128554,1,162725,0x3e5f43348a67e24b:0xff45e502e1ceb7e2,maps,
Dubai,Mall of the Emirates,http://t1.gstatic.com/images?q=tbn:ANd9GcQoMEagwKVeTYgONqr0w3jVxrLPnVUujYkKHD83P8QUq1_X5c1X,Vast retail complex with a ski centre,"Huge shopping mall with international department stores, a ski centre and a multi-screen cinema.",0.6471728086,12,88986,0x3e5f6bbec39f339d:0x47afe5626875154c,maps,
Washington DC,The White House,http://t1.gstatic.com/images?q=tbn:ANd9GcS9N3AwSJREgyaU1D64PH0Hn6ZgiGvG1LsIc0PwIPNtLTs5zti9,Iconic home of America's president,"Landmark, historic home & office of the United States president, with tours for visitors.",0.6830280423,4,255118,0x89b7b7bcdecbb1df:0x715969d86d0b76bf,maps,
Washington DC,Lincoln Memorial,http://t0.gstatic.com/images?q=tbn:ANd9GcQPcfvtAxZCKiOHkC-8jU-PUOnnhcgBpy48amV6zKahG6oDQ52i,Marble monument to the 16th president,"Parthenon-inspired tribute to Abraham Lincoln with a 19-ft. marble statue, murals & reflecting pool.",0.7058036923,2,189092,0x89b7b771e0906287:0x1049d1c9c95c2eb6,maps,
Washington DC,Washington Monument,http://t2.gstatic.com/images?q=tbn:ANd9GcQw0q_hFT4qybRfpz6T-BCsroBD3yzzqoW5MyMWdpy5ykKdF6-J,Towering tribute to George Washington,Landmark obelisk rising from the National Mall that honors America's first president.,0.6932153702,3,160951,0x89b7b7a1be0c2e7f:0xe97346828ed0bfb8,maps,
Bali,Uluwatu Temple,http://t2.gstatic.com/images?q=tbn:ANd9GcRkBw29pzLAp454LNpmnE0OAWXNqnjZupA2lTkGmRc1zLVRsX8w,Ancient Hindu temple with ocean vistas,"Perched on a cliff, this ancient Hindu temple features ocean views & hosts traditional dance shows.",0.938285768,1,159469,0x2dd24ffc20cb8191:0xcb98d1ba7db0495,maps,
Bali,Tegalalang Rice Terrace,http://t1.gstatic.com/images?q=tbn:ANd9GcSIDrQAc_WOfAoNkX68-nTjNWka9u2jkuwVjH0ezvjHVeAqVHWj,Famous for its beautiful scenes of rice paddies,Tegalalang Rice Terrace is one of the famous tourist objects in Bali situated in Tegalalang Village north of Ubud Bali featured by the amazing rice terrace set the cliff.,0.5170468688,24,133672,0x2dd2220b23f900e3:0x8d1a8969386c04ed,maps,
Bali,Pura Tirta Empul,http://t2.gstatic.com/images?q=tbn:ANd9GcSoQrbzfZQhZi9dZ1e3gYJxtuLv6_-0DHAfHBxgZJO_pPabkb_c,Hindu Balinese temple with a ritual bath,Hindu Balinese temple with a bathing area containing holy spring water for ritual purification.,0.6177544594,9,93266,0x2dd218f4e06131b5:0x53a25a017714ecc1,maps,
Nashville,The Parthenon,http://t0.gstatic.com/images?q=tbn:ANd9GcRNatpfUWeA5X32Cu42pBByH4HSCWpyc1WX8uvpx6gLBOI9gRMe,Full-size replica of a Greek landmark,"Built in 1897, this full-scale replica of the Athenian Parthenon also houses American art galleries.",0.5290269852,3,33512,0x8864614bd6f28fe5:0x70f4d37bc63ae1a6,maps,
Nashville,Country Music Hall of Fame and Museum,http://t2.gstatic.com/images?q=tbn:ANd9GcSKgNTdlRTIW7SKPsI09SX64rAQlj5Ju1HEeXm01k-TtRrl0kuW,Exhibits tracing the music genre's roots,Attraction tells the story of popular American music through artifacts & interactive exhibits.,0.5277252197,4,31437,0x8864665c3134654b:0xa5b810c860cc0e67,maps,
Nashville,Grand Ole Opry,http://lh3.googleusercontent.com/-R3l6MvdF9r8/Wdwx7Jxb8QI/AAAAAAAEKLs/gc2RCU0K3rAn2B1UyfQRMo9BUzYEUsTOQCLIBGAYYCw/w179-h120-k-no/,"Home of famed, long-running radio show",Visitors come for daily tours & weekly live radio shows featuring classic & new country acts.,0.5395688415,1,29542,0x886469cff7602a55:0x277ee7b8e17cec75,maps,
Brisbane,Lone Pine Koala Sanctuary,http://t1.gstatic.com/images?q=tbn:ANd9GcSrOsTGpNCv9BzrgV1gK0FQcHTqRgkzooEh7x5G6GEtMRIu1LX3,Naturally landscaped koala sanctuary,"The world's largest koala sanctuary, with a zoo housing Australian native animal species.",0.5661885738,1,39720,0x6b91502b5bff92a3:0xd95a4342ea4d7936,maps,
Brisbane,Sea World,http://t2.gstatic.com/images?q=tbn:ANd9GcRce5W-uWzT2ylAp781GLFcfDXqoOvuAX0UcPy86jiHAAmdfH3G,Expansive aquatic-themed amusement park,"Oceanographic theme park with marine animals & polar bears, plus shows, rides & interactive tours.",0.5941290855,2,28891,0x6b910fbcb65bf0db:0xfac5c569854751a0,maps,
Brisbane,South Bank Parklands,http://lh5.googleusercontent.com/-78r1Df3Cisk/WvvtidN7kmI/AAAAAAAABQU/LObq0WqXjH8A_iHmiHPd3kB8ZqOW3OFEACLIBGAYYCw/w160-h120-k-no/,"Public lawns, gardens & swimming areas","Sprawling public park of lawns, gardens & playgrounds, plus a river-swimming beach & a Ferris wheel.",0.5406491756,3,27361,0x6b941082d4ab437d:0xea83932039f46a17,maps,
New Orleans,Cafe Du Monde,http://t1.gstatic.com/images?q=tbn:ANd9GcR7YwcjeuseLRN5Fhxmsj2KtUD0HaoZjYdle-s-VkFmMGiwB5FJ,Legendary New Orleans coffeehouse,"Iconic New Orleans cafe known for café au laits, chicory coffee & beignets since 1862.",0.4916021526,12,129353,0x8620a5e09b473e4d:0xd68fe7e8e35b6f7,maps,
New Orleans,Jackson Square,http://t3.gstatic.com/images?q=tbn:ANd9GcQQtzSmpyJqrqBK9-Yc6AqYmVCy21v1DDpjgAWeGbGIK9AGIxON,"Park where artists paint, draw & sell",Artists & performers ply their trades in a park built in 1721 & lined with historic buildings.,0.5493292212,3,51870,0x8620a611a0452e69:0xdeff093f17dfbe8f,maps,
New Orleans,The National WWII Museum,http://t1.gstatic.com/images?q=tbn:ANd9GcQ5Ys4OaDud2pjdZRJCxGF6HmC1AunMyoi_NuEcxwcGBXMybvAw,"Military exhibits, planes & 4-D theater","Multi-building museum with interactive submarine exhibit, planes, 4-D theater & eatery downstairs.",0.5209540129,7,44164,0x8620a676da80ce1d:0x855a6fd37bed266a,maps,
New York City,Times Square,http://t3.gstatic.com/images?q=tbn:ANd9GcSTvnG_OSk957bv3W9eO1-RMf4_evZikUvqQh_3nU4Xz3aElV9r,Bright lights & Broadway shows,"Bustling destination in the heart of the Theater District known for bright lights, shopping & shows.",0.8069095612,8,654723,0x89c25855c6480299:0x55194ec5a1ae072e,maps,
New York City,Empire State Building,http://t0.gstatic.com/images?q=tbn:ANd9GcRedVBLWXgsn3mKG5b573G-NuPlgKMiG1HlWp3_VftbL0WZatlM,103-story landmark with observatories,"Iconic, art deco office tower from 1931 with exhibits & observatories on the 86th & 102nd floors.",0.9553973675,3,539464,0x89c259a9b3117469:0xd134e199a405a163,maps,
New York City,The Metropolitan Museum of Art,http://t1.gstatic.com/images?q=tbn:ANd9GcSFbma3f3Z7O4mJ7HuO6nHBg2qMvT7uWsF3CpWdHpW3UReR8fDc,World-class art collection,"A grand setting for one of the world's greatest collections of art, from ancient to contemporary.",0.8675879836,5,532780,0x89c25896f660c26f:0x3b2fa4f4b6c6a1fa,maps,
Dallas,The Dallas Arboretum and Botanical Garden,http://t3.gstatic.com/images?q=tbn:ANd9GcRNcjrT4IihYPU40etQ5BkrnBuIC8D4qG9adx4sCttEmAVG8OKS,Lakeside botanical garden & event venue,"70-acre botanical garden set on White Rock Lake with frequent concerts, special exhibits & classes.",0.527145803,1,29554,0x864ea19a64681b47:0x68139237078b7642,,
Dallas,The Sixth Floor Museum at Dealey Plaza,http://t0.gstatic.com/images?q=tbn:ANd9GcQOR2H9p9lv7SB9GA7hFH__Q4a1eta-ebJ6f24U7vsZzYiZz5RH,Exhibits at JFK assassination site,Comprehensive exhibits on John F. Kennedy's presidency & assassination at site of the sniper's nest.,0.515981257,2,30405,0x864e9915dfc904c1:0xecb4cb43c82b8a8e,,
Dallas,AT&T Stadium,http://t2.gstatic.com/images?q=tbn:ANd9GcQV69Fp36YMqhSkgPqL4xqR-LBOYVU41PlaBYKF9ccXH186ELVS,Home turf of the Dallas Cowboys,"Home stadium of the Dallas Cowboys football team & host to big-name concert acts, events & tours.",0.4489897788,15,34762,0x864e7d86c8884727:0x6d1e60e88c6a9df8,,
Los Angeles,Universal Studios Hollywood,http://t1.gstatic.com/images?q=tbn:ANd9GcTi5w3wJEPMIxJKQOVaOpUE_5WqLWerOWrrZL6qDwRYRoCmB75K,Big movie-themed amusement park,"Sprawling amusement park with a cinema theme, featuring rides, restaurants, shops & shows.",343065
Los Angeles,Griffith Observatory,http://t3.gstatic.com/images?q=tbn:ANd9GcRq2COFalPpECvcBmWjFbgvS-rN1O-pKWdDjLGdOQS8tozmhmv4,"Planetarium, telescopes & city views","This art deco landmark from 1935 features a high-tech planetarium, public telescopes & city views.",313722
Los Angeles,Hollywood Sign,http://t1.gstatic.com/images?q=tbn:ANd9GcQjwlKT4NgMzrp2yOY73ytTE0e-nrWtitodBYYIPojpI-NmxN05,Iconic letters atop Mount Lee since 1923,"Erected in 1923, this symbolic landmark on Mount Lee is often viewed from Griffith Park Observatory.",246121
Ibiza,Cala Comte,http://t1.gstatic.com/images?q=tbn:ANd9GcTcsxkK_BYbhK_zYgzAZ6Q3vAlBEprRRxBehEHG1syEbMI4Hooa,Sandy beach with parking & a restaurant,"Sunset viewing is popular at this sandy, clear-water beach with parking & an adjacent restaurant.",19177
Ibiza,Cala Benirrás,http://t2.gstatic.com/images?q=tbn:ANd9GcTxRu5EoLZgIAP9KVxhdZJlCKWP-H79OyqEZI6yOUEQArWSP3IWjdGL9Q,"Famous for its spectacular sunsets and hippie drumming Sundays, Benirrás is a key beach in the north of the island.","Famous for its spectacular sunsets and hippie drumming Sundays, Benirrás is a key beach in the north of the island.",7669
Ibiza,Cala Saladeta,http://t1.gstatic.com/images?q=tbn:ANd9GcSQdQ5mLgNxXp1pOXOw5vASg3fH2teQH5zuhchekUDee5yDTDi98Q9amg,Bustling beach with snack vendors,Popular beach destination offering ocean swimming & vendors selling traditional snacks & drinks.,12129
Orlando,Walt Disney World Resort,http://t2.gstatic.com/images?q=tbn:ANd9GcRjUNjUF-tHXt-XhSAgyjkKK7dRkJPXtH5tpcLcILj_-TBe0oxs,"Famed theme parks, lodging, shops & more","Well-known attraction comprising large resorts, dining, shops & 4 theme parks with rides & shows.",210301
Orlando,Universal Orlando Resort,http://t0.gstatic.com/images?q=tbn:ANd9GcQ8pqEz2zVQN0oOubcKDAUCcIIDBqDQBQbbfU2oCmg_yvE127zx,Theme park with movie-themed rides,"Large, well-known theme park featuring movie-themed rides & shows, plus hotels & restaurants.",143734
Orlando,SeaWorld Orlando,http://t1.gstatic.com/images?q=tbn:ANd9GcR9gXytuPnjT3IPmOdeFM9dF0MIfT6k7iKtZyTqbdhO-nNUraeZ,Aquatic theme park with shows & rides,"Marine life shows, thrill rides, aquariums & up-close encounters with dolphins, penguins & more.",88085
Baltimore,National Aquarium,http://t0.gstatic.com/images?q=tbn:ANd9GcRrqEs-nKDRFAX15jlzLUKYqJoXF85C1u_Mg--n58Vqx2n9ne_Z,Iconic fixture for marine-life exhibits,"Iconic landmark offering marine-life exhibits, a dolphin show, shark tank & walk-through rainforest.",28668
Baltimore,Fort McHenry National Monument and Historic Shrine,http://t3.gstatic.com/images?q=tbn:ANd9GcTOPqJxTs0l1vp2KtN1TB62Gj_yhNuZihwksmCm2ndkP7aNERG7,"Famed ""Star-Spangled Banner"" fort","Fort whose War of 1812 victory inspired ""The Star-Spangled Banner,"" the U.S. national anthem.",12651
Baltimore,Oriole Park at Camden Yards,http://t1.gstatic.com/images?q=tbn:ANd9GcQFAFhspvMhHsY6Rx7fFk7LPEZS1BE7AO1xSaX2VhSSziN7PKYg,Classic home of Baltimore baseball,Retro design meets modern eats at this stadium where MLB's iconic Baltimore Orioles take the bases.,13434
Buenos Aires,Cementerio de la Recoleta,http://t2.gstatic.com/images?q=tbn:ANd9GcQ1Z82ihW1N98jrXqQB8y_F6pMs7_lvq5Sra5TNQ2FxR80qIW8O,Art-rich site with famous mausoleums,"Built in 1822, this statue-rich cemetery features mausoleums of many notables, including Eva Perón.",63577
Buenos Aires,Casa Rosada,http://t1.gstatic.com/images?q=tbn:ANd9GcScLleJT1y-mx1BGYl9973uYhoE3uKtNZriAYMFhX_UIUkiuMnc,Famed presidential palace with tours,"Venerable, pink-colored palace that houses the presidential office & features guided tours.",61250
Buenos Aires,El Ateneo Grand Splendid,http://lh3.googleusercontent.com/proxy/W9rSgMQe9DLTA2sc7o_V2k8NPmyBZOou09PPGGbMnhNpQC716AC_Q0CjSqIjBhUdyR5dAy8wco02b8H_ojKPmFC4pD6eYXMF-a8O5-F5Hz1u0VTaG5IcsHGxTInJ0lNwsIFBWo8spivS_ctYnEx2H-jiyGaMXX8=w180-h120-k-no,Huge book store in an old theater,This converted theater was first opened in 1919 & has now been converted into an elegant book store.,71378
Houston,Space Center Houston,http://t1.gstatic.com/images?q=tbn:ANd9GcQUgeJPkPU48QXyG0s3hlTEucI8g4oaWsCqasgzvb5Snb8psRKs,Close-up look at the U.S. Space Program,"Educational center highlighting all eras of U.S. space travel via exhibits, tours & attractions.",50253
Houston,Houston Zoo,http://t0.gstatic.com/images?q=tbn:ANd9GcRZoAOud-37N4GrWNXMoG8FL0uU4ryvruux5S9Fa_iPUy_1UACK,Lions & tigers & bears... and more,"Visitors can see 6,000+ animals in natural habitat-style exhibits & watch daily care & feedings.",30726
Houston,Johnson Space Center,http://t0.gstatic.com/images?q=tbn:ANd9GcQAacwZteITlNmw1O2OfYOj8Ek8ceooAFesa789CuCTxAhRqiQu,,,31592
Sydney,Sydney Harbour Bridge,http://t0.gstatic.com/images?q=tbn:ANd9GcQTdgtR0f-K2g62yD0bdqlLfkgJrtvrkb3GcCWKgYeFGtHCq_Uf,Massive steel arched bridge with lookout,"Iconic structure opened in 1932, offering a BridgeClimb & the Pylon Lookout, hosting exhibitions.",88223
Sydney,Sydney Opera House,http://t3.gstatic.com/images?q=tbn:ANd9GcROygTBbWWQ3IGNOt9jlqFf-Vzr6QVyqMoSAqwi0yaNRu-VkBQv,Australia's iconic performing-arts venue,"Landmark, skyline-dominating arts centre for opera, theatre, music and dance, plus guided tours.",192831
Sydney,Darling Harbour,http://t2.gstatic.com/images?q=tbn:ANd9GcQ5twtmVI3zz_EhKOSjtcrn2erNdOX5Aag3pEuPhBgg_a1X4ydR,Celebration space & leisure complex,Waterfront destination housing many of Sydney's major attractions and hosting large-scale events.,91525
